index,cluster_index,cluster_score,cluster_score_mean,predictions_num,steps_num,score_max,score_max_step,cluster_center_x,cluster_center_y,cluster_center_z
0,6,0.25862811127379204,0.21197159999999995,2053,2049,0.736,2054,-1.5114633346097637,8.803431555746577,-16.558679759322157
1,0,0.22185285631852272,0.15378839999999996,2539,1733,0.672,299,-2.862101478608763,4.265456752229761,7.768171377800785
2,7,0.14803641456582617,0.021139599999999977,357,357,0.442,781,11.41902933283541,13.915827075230343,5.8439228797880185
3,1,0.18275510204081635,0.010746000000000002,147,147,0.624,787,-9.144767683257223,7.524326447681308,19.216805875588648
4,4,0.141969696969697,0.0037480000000000005,66,66,0.372,2330,3.423977708987605,-7.249703947136911,-16.515760711273465
5,9,0.12924390243902445,0.002119600000000001,41,41,0.222,2268,-14.718409535097157,-1.3307047209878378,-13.6483253700443
6,2,0.13929032258064514,0.0017272,31,31,0.271,1552,-8.30122857142857,-10.379296969696973,-17.691825108225107
7,8,0.12228125000000001,0.0015652,32,32,0.243,1731,-15.123449867162732,0.15214212285972825,3.3532307112341515
8,3,0.12992592592592597,0.0014032000000000003,27,27,0.401,207,-14.956667786819368,2.943620742080236,13.26478026588976
9,5,0.12286363636363638,0.0010812,22,22,0.185,2382,-8.701125337759153,4.921121577578065,-26.022818641397066
