index,cluster_index,cluster_score,cluster_score_mean,predictions_num,steps_num,score_max,score_max_step,cluster_center_x,cluster_center_y,cluster_center_z
0,0,0.25845029390985275,0.21213600124120713,2054,2052,0.7361676096916199,2054,-2.1403375873489985,8.659215575172787,-16.751378508314254
1,1,0.21385131409780228,0.12796862635612488,1666,1496,0.672413170337677,299,-3.553467319745618,7.050546041603297,7.872813851889799
2,2,0.18925558747327834,0.06767779808044433,912,894,0.5731186866760254,468,0.2752578037597069,-1.5782239939188125,6.876922823174909
3,3,0.14622342930059956,0.020295811986923217,347,347,0.39233893156051636,2370,12.290697836106823,14.521847610249896,5.729960936605057
4,4,0.1641859977760098,0.005779347121715545,89,88,0.4190773665904999,371,-10.56522696358817,5.650242555709112,23.167268843877885
5,5,0.14378071357222164,0.0029331265568733216,51,51,0.3716852068901062,2330,3.936045993458141,-7.9599504904313525,-17.06673509424383
6,7,0.12209948069519466,0.0026373487830162047,54,54,0.24264734983444214,1731,-17.478664510390338,-0.7380233091466567,7.58464734694537
7,6,0.13126910030841826,0.0021003056049346924,40,40,0.22177839279174805,2268,-15.198812069037022,-1.313135293813852,-13.584649770687788
8,8,0.14835588421140397,0.0016615859031677246,28,28,0.2710335850715637,1552,-5.864527969360352,-8.995061645507812,-19.28476593017578
